Type,Object 
ip,45.141.84.212
ip,45.141.84.223
ip,79.141.166.158
ip,149.28.201.253
ip,193.34.167.34
ip,195.123.240.219
ip,23.227.193.167
ip,5.149.253.199
sha256,3542d5179100a7644e0a747139d775dbc8d914245292209bc9038ad2413b3213
sha256,698a0348c4bb8fffc806a1f915592b20193229568647807e88a39d2ab81cb4c2
sha256,a17e32b43f96c8db69c979865a8732f3784c7c42714197091866473bcfac8250
sha256,F75604C2D862297438A0284F999E8DED8C66F31206A789824386E7CA980F854D
sha256,F058BDFD2F141AABDB0044176EE4A4839A7D139EF4183E982CD91852B8FF72BE
sha256,B4C4815F2F021F4BC1EAD083409753E6A4B66BACE3ACC1DFF256667353737292
sha256,253834E33D388A891A70194C74D5F4C329F67489098DC10CC5F6431C44AD858F
sha256,1D0C037538F08C584C357F8602CC6C32027EDE59C36EAD2A4A953364BAAE5348
sha256,83F4A7C7A19F5EBEE079E22927D106B62703CBB98E1746DA1236E174F8129A4C
sha256,B3DD2103E5BAA1814DF5C80EFE23BD487D28DD3340AB5039683342628773FFD2
sha256,B50EE355E05E802360A11313AA376545B26FF885E69112B2A5391F6C94A9CF53
sha256,2F79AB3CDD5D4190711D74762B4849AF20AC8651885171DDF21858F5076685CA
sha256,5833F2B5EE253F2239BC0444D9288D64A6068FC9A44F3C48D53C5EF96D86B5F2
sha256,E6888D4E70B9845BC427A9DC15D89B6915E336E458F90F76513055B1F7934F6D
sha256,16E59539CF9EF3B1BAB708AACECDC88C4EE13EF2979B09FED489B24BD304BCD7
sha256,20E5DD68839B6C01736F9599ED51D47EB9980DF6950971935585CE52C858B778
sha256,B45BE0B63502B2BAA21203A89CBCF1C1035B459D05954D5BC2DDF127A8C90F52
sha256,21210251FB17BC9A923733A304A1083305871C328ED597473FCBEC92E3B134AC
sha256,1BE5ED04201B3DDC23A5807441680C57D3B1EB3D5E32B9F93B4358A972C85C73
sha256,99F0BA95F1B1C7001AEF78EB6C7F7DC1E4EA2FD9D657232997B0857B48A4093C
sha256,F37E305327A9631CCB14CEC9909F8437C93D05526FFDE396B97348427C39F424
sha256,27C2689E594C089479A51D44C679F1B9160464C974829B806E64CB209257DB2C
